,Hpa-NO_1d,Hpa-NO_2d,Hpa-NO_4d
AT5G40101,-0.5,-0.660154646,-4.091964284
AT1G06932,2.778358524,0,0
AT1G04473,0,2.175149691,0
AT5G66734,0.075374646,0.118434984,-0.001756864
AT2G38475,0.705,0.705,0.705
AT2G38476,0.8,0.4,0
AT2G38477,0.5,0.5,0.5
AT2G38478,0,0.3,0
AT2G38479,0.806000416,0.806000416,0.806000416
