Gene,alpha,beta,gamma,alpha_cluster,beta_cluster,gamma_cluster
AT5G40100,-0.032624926418066025,0.3629588484764099,-0.2738895118236542,2,1,2
AT1G06930,-0.20034390687942505,-0.2798822522163391,-0.10548803210258484,0,0,0
AT1G04470,0.6304940581321716,-0.35824352502822876,-0.18667997419834137,1,0,1
AT5G66730,0.031280845403671265,-0.05166557431221008,-0.031253278255462646,2,2,0
AT2G384713,0.0070928060449659824,-0.025269554927945137,0.0023981269914656878,2,2,0
